Segment,ChurnRate
High Value,14.480408858603067
Low Value,43.06029579067122
Medium Value,24.31895573212259
